{"cameraMode":{"drawMode":0,"name":"Shaded","section":"Shading Mode"},"sceneLighting":false,"audioPlay":false,"sceneViewState":{"showFog":true,"showMaterialUpdate":false,"showSkybox":false,"showFlares":true,"showImageEffects":true,"showParticleSystems":true},"in2DMode":false,"pivot":{"x":-2.4661648273468019,"y":0.8169716596603394,"z":-7.776510238647461},"rotation":{"x":-0.022496823221445085,"y":0.7625199556350708,"z":-0.026553817093372346,"w":-0.6460279822349548},"size":5.120585918426514,"orthographic":false}